{"open": [[938.3683191666603, 938.6525517234802, 938.7846004048586, 939.3153832236528, 940.0005439201593, 940.6500037590265]], "close": [[936.9209203796343, 937.3404289560274, 937.6575021522001, 937.6312336886183, 937.2646851802126, 938.0208984279886]], "high": [[940.6586136460304, 941.1859510183334, 941.6394685447216, 942.1963474094867, 943.0163476407528, 943.7426809608936]], "low": [[936.3151400548069, 937.0901919466106, 937.6420447093097, 937.9523966771213, 938.556838915929, 939.3028353315441]]}